Objective_ID,Objective,Baseline_Date,Baseline_Numerator,Baseline_Denominator,Current_Numerator,Current_Denominator,Target_Rate,Target_Date,Metric_ID,Owner,Review_Cadence,Data_Source,Direction,Status,Response_if_Missed,Evidence_ID,Boundary
OBJ-01,Evidence-backed lifecycle decision coverage for registered AI systems,2026-09-08,3,6,3,6,1.0,2026-12-31,KPI-AIMS-01,Eleanor Duckford - AI Governance Lead,Monthly,AIMS Master Crosswalk,Higher is better,At risk,Prioritize worked evidence and decision records for AI-001 AI-002 and AI-003,EV-AIMS-002,Synthetic evidence coverage does not prove production effectiveness
OBJ-02,Production AI systems with defined-period production effectiveness evidence,2026-09-08,0,1,0,1,1.0,2026-12-31,KPI-AIMS-02,Dr. Ada Duckfield - Head of Data & AI,Monthly,Evidence Index and system monitoring records,Higher is better,At risk,Obtain FeatherForecast production monitoring back-test approval and exception evidence,EV-AIMS-002,Counts evidence availability not whether the system is safe or compliant
OBJ-03,PondGPT broader-rollout supplier conditions closed and independently accepted,2026-09-08,0,5,0,5,1.0,2026-12-15,KRI-AIMS-01,Percival Duckworth - Director Procurement & Vendor Assurance,Monthly,Supplier Contract Control Schedule,Higher is better,Blocked,Maintain restricted pilot and escalate overdue blocking conditions,EV-AIMS-002,No condition may be treated as closed without verified supplier and Duckworks acceptance evidence
OBJ-04,Canonical evidence records with explicit state and boundary,2026-09-08,42,42,50,50,1.0,2026-09-08,KPI-AIMS-03,Eleanor Duckford - AI Governance Lead,Monthly,Control Evidence Index,Higher is better,Met,Correct incomplete metadata before evidence is used in a decision,EV-AIMS-002,Metadata completeness does not establish evidence reliability or effectiveness
OBJ-05,Canonical evidence records available for inspection,2026-09-08,36,42,44,50,0.95,2026-12-31,KRI-AIMS-02,Eleanor Duckford - AI Governance Lead,Monthly,Control Evidence Index,Higher is better,At risk,Obtain or explicitly disposition unavailable production records,EV-AIMS-002,Availability includes synthetic records and must not be mistaken for production coverage
OBJ-06,Synthetic competence records eligible within defined authorization scope,2026-09-08,0,3,1,3,1.0,2026-10-31,KRI-AIMS-03,Relevant Business Owner,Monthly,Competence and Authorization Register,Higher is better,Blocked,Block expired or insufficient records and complete reassessment or renewal,EV-AIMS-004,Three test records are not an enterprise workforce population
OBJ-07,Synthetic audit corrective actions closed against approved criteria,2026-09-08,1,1,1,1,1.0,2026-09-08,KPI-AIMS-04,Penelope Duckins - Head of Internal Audit,Quarterly,IAF-2026-001 closure record,Higher is better,Met,Reopen the finding if recurrence or evidence invalidation occurs,EV-AIMS-002,One bounded case does not demonstrate an enterprise audit program
OBJ-08,Priority AIMS documents recorded with authority owner review and supersession metadata,2026-09-08,0,14,14,14,1.0,2026-09-08,KPI-AIMS-05,Eleanor Duckford - AI Governance Lead,Monthly,Document Control Register,Higher is better,Met,Register missing priority documents and suspend reliance until authority is resolved,EV-AIMS-007,Priority-scope completion is not repository-wide document control

