"Objective_ID","Objective","Prior_Current_Numerator","Prior_Current_Denominator","Current_Numerator","Current_Denominator","Target_Rate","Prior_Status","Current_Status","Change_Explanation","Management_Response","Owner","Evidence_ID","Boundary"
"OBJ-01","Evidence-backed lifecycle decision coverage for registered AI systems",3,6,3,6,1.0,"At risk","At risk","No new system evidence package in v1.5","Retain targeted coverage action for AI-001, AI-002 and AI-003","Eleanor Duckford - AI Governance Lead","EV-AIMS-011","Synthetic coverage does not prove production effectiveness"
"OBJ-02","Production AI systems with defined-period production effectiveness evidence",0,1,0,1,1.0,"At risk","At risk","No production evidence added","Obtain FeatherForecast version-bound monitoring and exception evidence","Dr. Ada Duckfield - Head of Data & AI","EV-AIMS-011","No production effectiveness claim"
"OBJ-03","PondGPT broader-rollout supplier conditions closed and independently accepted",0,5,0,5,1.0,"Blocked","Blocked","Five supplier conditions remain open","Maintain restricted pilot and broader-rollout block","Percival Duckworth - Director Procurement & Vendor Assurance","EV-AIMS-011","No supplier approval or executed-control claim"
"OBJ-04","Canonical evidence records with explicit state and boundary",50,50,58,58,1.0,"Met","Met","Eight management-review-cycle evidence records added","Maintain unique IDs and explicit evidence boundaries","Eleanor Duckford - AI Governance Lead","EV-AIMS-011","Completeness of index does not validate evidence effectiveness"
"OBJ-05","Canonical evidence records available and retrievable",44,50,52,58,0.95,"At risk","At risk","Available evidence increased but six production records remain unavailable","Prioritize production evidence while retaining unavailable records","Eleanor Duckford - AI Governance Lead","EV-AIMS-011","Availability does not establish adequacy or effectiveness"
"OBJ-06","Competence records eligible for human authorization",1,3,1,3,1.0,"Blocked","Blocked","Expired and below-threshold cases remain unresolved","Complete refresher and reassessment before human renewal","Relevant Business Owners","EV-AIMS-011","Eligibility does not grant authorization"
"OBJ-07","Bounded audit CAPA cycles meeting stated closure criteria",1,1,1,1,1.0,"Met","Met","No new CAPA; prior bounded closure remains valid","Retain reopening triggers and build enterprise audit cadence","Head of Internal Audit","EV-AIMS-011","One synthetic closure is not an independent audit program"
"OBJ-08","Priority management-system documents under explicit control",14,14,22,22,1.0,"Met","Met","Eight v1.5 canonical artifacts added to priority control scope","Update register after publication and test retrieval","Eleanor Duckford - AI Governance Lead","EV-AIMS-011","Priority scope is not a complete enterprise records inventory"

