"Entry_ID","Type","Cause","Event_or_Opportunity","Consequence_or_Value","Inherent_Likelihood_or_Feasibility","Inherent_Impact_or_Value","Inherent_Score","Existing_Response","Current_Likelihood_or_Feasibility","Current_Impact_or_Value","Current_Score","Rating_or_Priority","Treatment_or_Enablement","Owner","Due_Date","Status","Linked_Objectives","Evidence_ID","Review_Trigger","Boundary"
"AR-01","Risk","Normative requirements and exact applicability references are not yet verified","The AIMS control and evidence map may omit or misstate a requirement","Misaligned assurance claims or incomplete readiness decisions",4,4,16,"Thematic baseline and explicit limitation",3,4,12,"High","Verify requirement-level and Annex A mapping against an authorized standard and second-person review","Eleanor Duckford - AI Governance Lead","2026-10-30","Open","OBJ-08","EV-AIMS-010","Authorized standard review or mapping change","Thematic portfolio mapping only; no conformity claim"
"AR-02","Risk","Multiple formats and versions can diverge","A decision may rely on a stale or non-authoritative artifact","Reduced traceability and unreliable evidence retrieval",4,4,16,"v1.4 document-control standard and priority register",2,4,8,"Moderate","Extend authority, retrieval and supersession testing across the repository","Eleanor Duckford - AI Governance Lead","2026-11-15","In Progress","OBJ-04;OBJ-05;OBJ-08","EV-AIMS-010","New version, broken link or retrieval failure","Priority-scope synthetic control; enterprise operation unverified"
"AR-03","Risk","Only one of three synthetic competence records is eligible","A controlled activity may be performed without current competence evidence","Invalid authorization or ineffective human oversight",4,5,20,"Competence standard, register and executable gate",3,5,15,"High","Remediate expired refresher and below-threshold assessment; require human renewal","Relevant Business Owners","2026-09-30","In Progress","OBJ-06","EV-AIMS-010","Expiry, failed assessment, role change or requested authorization","No real personnel competence or authorization claim"
"AR-04","Risk","Five PondGPT broader-rollout supplier conditions remain open","Supplier change or missing evidence may exceed the restricted-pilot boundary","Security, privacy, continuity and exit exposure",4,5,20,"Conditional supplier gate and restricted pilot",3,5,15,"High","Obtain verified evidence and executed terms; retain sensitive-source and broader-rollout blocks","Percival Duckworth - Director Procurement & Vendor Assurance","2026-12-15","Blocked","OBJ-03","EV-AIMS-010","Supplier evidence, change, renewal, incident or expansion request","Fictional supplier; no executed terms or operating history"
"AR-05","Risk","One AIMS-wide review is demonstrated only as a bounded exercise","Management review may not recur or drive timely follow-up","Stale objectives, unresolved actions and weak accountability",4,4,16,"Static decision brief and MR-AIMS-2026-002 exercise",3,4,12,"High","Approve quarterly cadence, required inputs, secretariat and follow-up evidence","Reginald Duckman - CRCO","2026-10-15","Open","OBJ-04;OBJ-05","EV-AIMS-010","Missed review date or material AIMS change","One synthetic review does not prove recurring operation"
"AR-06","Risk","No independent enterprise AIMS audit program is operating","Material governance weaknesses may remain unchallenged","False confidence and delayed corrective action",4,5,20,"One bounded DuckTalent finding-to-closure cycle",3,5,15,"High","Establish risk-based AIMS internal-audit program with independence safeguards","Head of Internal Audit","2026-11-30","Open","OBJ-07","EV-AIMS-010","Audit plan approval, significant finding or independence conflict","Portfolio self-assessment is not independent assurance"
"AR-07","Risk","Defined-period production effectiveness evidence is absent","Synthetic control results may be mistaken for sustained production performance","Unsupported risk reduction or deployment decisions",5,5,25,"Evidence-state rules and six explicit unavailable records",4,5,20,"Critical","Obtain version-bound FeatherForecast production monitoring, exceptions and review evidence","Dr. Ada Duckfield - Head of Data & AI","2026-12-31","Open","OBJ-02;OBJ-05","EV-AIMS-010","Production evidence receipt, material change or gate decision","No production operation or validated effectiveness claim"
"AO-01","Opportunity","Three registered systems lack worked evidence chains","Extend bounded evidence architecture to AI-001, AI-002 and AI-003","Improve portfolio coverage from three of six to six of six systems",4,4,16,"Reusable evidence-card and executable-control patterns exist",4,4,16,"High priority","Create focused evidence packages only where they add distinct control archetypes","Eleanor Duckford - AI Governance Lead","2026-12-31","Open","OBJ-01","EV-AIMS-010","Portfolio prioritization or evidence-package completion","Portfolio value opportunity; not production risk reduction"

