"Decision_ID","Control_ID","Control_Name","Control_Type","Control_Owner","Applicability_Decision","Applicability_Scope","Applicability_Rationale","Conditional_or_Exclusion_Criteria","Related_Risk_IDs","Source_Implementation_Status","Evidence_IDs","Evidence_Basis","Production_Effectiveness_Claim","Risk_Reduction_Credit","Assurance_Classification","Required_Action","Approval_Status","Decision_Owner","Review_Date","Next_Review_Date","Review_Triggers"
"APP-001","AI-GOV-01","Risk-Based Lifecycle Gate","Preventive","Eleanor Duckford - AI Governance Lead","Applicable","AIMS-wide; AI-001 through AI-007","Included as a portfolio-wide governance control because risk-based lifecycle gate supports consistent lifecycle, change or evidence decisions across the AIMS.","No routine exclusion. Any exception requires documented CRCO approval, alternative treatment and review trigger.","AI-001-R01; AI-002-R01; AI-002-R03; AI-004-R01; AI-005-R01; AI-005-R02; AI-006-R01; AI-007-R02","Partially implemented","EV-AI005-009; EV-AI005-014; EV-AI005-015; EV-AI005-017; EV-AI005-018; EV-AI005-019; EV-AI005-020; EV-AI005-021; EV-AI006-013; EV-AIMS-009; EV-AIMS-010; EV-AIMS-012; EV-AIMS-013; EV-AIMS-019","Synthetic system and supplier lifecycle decisions, corrective-action governance, management decision and narrow closure demonstrated; production effectiveness unverified; applicability evidence reconciled in EV-AIMS-017 through EV-AIMS-020","No","No production risk-reduction credit","Bounded synthetic evidence linked; production effectiveness unverified","Add authorized real gate operation, production-period evidence and outcome review; preserve unresolved blockers and reopening triggers.","Approved within bounded synthetic portfolio exercise","Reginald Duckman - Chief Risk & Compliance Officer","2026-09-09","2026-12-31","Material system, risk, control, evidence, supplier, legal, lifecycle or AIMS-scope change; failed validation; overdue review"
"APP-002","AI-GOV-02","Material Change & Reassessment Trigger","Preventive","Eleanor Duckford - AI Governance Lead","Applicable","AIMS-wide; AI-001 through AI-007","Included as a portfolio-wide governance control because material change & reassessment trigger supports consistent lifecycle, change or evidence decisions across the AIMS.","No routine exclusion. Any exception requires documented CRCO approval, alternative treatment and review trigger.","AI-001-R01; AI-001-R02; AI-001-R03; AI-003-R02; AI-004-R03; AI-005-R01; AI-006-R01","Partially implemented","EV-AI005-010; EV-AI005-011; EV-AI005-012; EV-AI005-013; EV-AI005-014; EV-AI005-015; EV-AI005-016; EV-AI005-017; EV-AI005-018; EV-AI005-019; EV-AI005-020; EV-AI005-021; EV-AI006-015","One bounded DuckTalent change/reassessment/improvement cycle and one bounded PondGPT supplier-change response demonstrated; enterprise-wide and production effectiveness unverified; applicability evidence reconciled in EV-AIMS-017 through EV-AIMS-020","No","No production risk-reduction credit","Bounded synthetic evidence linked; production effectiveness unverified","Add enterprise-wide trigger operation and version-bound production evidence, including supplier notices, exceptions, review, approval and reopening outcomes.","Approved within bounded synthetic portfolio exercise","Reginald Duckman - Chief Risk & Compliance Officer","2026-09-09","2026-12-31","Material system, risk, control, evidence, supplier, legal, lifecycle or AIMS-scope change; failed validation; overdue review"
"APP-003","AI-GOV-03","Control Evidence Index","Detective","Eleanor Duckford - AI Governance Lead","Applicable","AIMS-wide; AI-001 through AI-007","Included as a portfolio-wide governance control because control evidence index supports consistent lifecycle, change or evidence decisions across the AIMS.","No routine exclusion. Any exception requires documented CRCO approval, alternative treatment and review trigger.","Portfolio-wide evidence governance","Planned","EV-AIMS-001; EV-AIMS-002; EV-AIMS-003; EV-AIMS-004; EV-AIMS-005; EV-AIMS-006; EV-AIMS-007; EV-AIMS-008; EV-AIMS-014; EV-AIMS-015; EV-AIMS-016; EV-AIMS-017; EV-AIMS-018; EV-AIMS-019; EV-AIMS-020","Implemented at portfolio-document level; maintenance operation untested; applicability evidence reconciled in EV-AIMS-017 through EV-AIMS-020","No","Design/document implementation only","Bounded synthetic evidence linked; production effectiveness unverified","Assign a maintenance cadence; test retrieval, review, supersession and cross-document update operation.","Approved within bounded synthetic portfolio exercise","Reginald Duckman - Chief Risk & Compliance Officer","2026-09-09","2026-12-31","Material system, risk, control, evidence, supplier, legal, lifecycle or AIMS-scope change; failed validation; overdue review"
"APP-004","AI-INC-01","AI Incident, Containment & Stop-Use","Corrective","Cassandra Duckley - Chief Information Security Officer","Applicable","AIMS-wide incident response; AI-001 through AI-007","Included because every registered AI system and the AI-007 organizational condition can require containment, stop-use, investigation and escalation.","No routine exclusion. System-specific procedures may tailor execution but may not remove incident escalation and containment.","AI-001-R01; AI-001-R02; AI-002-R02; AI-003-R03; AI-004-R01; AI-005-R03; AI-006-R01; AI-006-R02; AI-007-R01","Partially implemented","None linked","Design/status assertion — evidence ID absent","No","No additional credit","Design/status assertion — evidence absent","Provide implementation and operating evidence with a stable evidence ID.","Approved within bounded synthetic portfolio exercise","Reginald Duckman - Chief Risk & Compliance Officer","2026-09-09","2026-12-31","Material system, risk, control, evidence, supplier, legal, lifecycle or AIMS-scope change; failed validation; overdue review"
"APP-005","AI-TPR-01","AI Supplier Due Diligence & Contract Controls","Preventive","Percival Duckworth - Director Procurement & Vendor Assurance","Conditionally applicable","AI-001; AI-002; AI-005; AI-006; AI-007 and any use involving an external provider","Conditionally included because supplier due diligence, contractual controls, monitoring and exit requirements apply whenever Duckworks relies on an external AI provider or material subprocessor.","May be marked not applicable only where no external provider, hosted service, model supplier, data supplier or material subprocessor is used; the absence and rationale require owner and CRCO approval.","AI-001-R02; AI-002-R02; AI-005-R01; AI-005-R03; AI-006-R01; AI-007-R03","Partially implemented","EV-AI006-009; EV-AI006-010; EV-AI006-011; EV-AI006-012; EV-AI006-013; EV-AI006-014; EV-AI006-015; EV-AI006-016","One bounded synthetic PondGPT supplier lifecycle demonstrated from intake through change response and exit design; executed contract, verified supplier evidence and production operation absent; applicability evidence reconciled in EV-AIMS-017 through EV-AIMS-020","No","No production risk-reduction credit","Bounded synthetic evidence linked; production effectiveness unverified","Execute and verify blocking contractual terms; obtain supplier security/privacy/hosting/subprocessor evidence; operate monitoring; test export, continuity and deletion; record authorized renewal/exit decisions.","Approved within bounded synthetic portfolio exercise","Reginald Duckman - Chief Risk & Compliance Officer","2026-09-09","2026-12-31","Material system, risk, control, evidence, supplier, legal, lifecycle or AIMS-scope change; failed validation; overdue review"
"APP-006","DD-01","Competent Engineer Approval","Preventive","Felix Duckson - VP Product & Engineering","Applicable","AI-001 — DuckDesign AI","Included because Competent Engineer Approval directly treats AI-001-R01; AI-001-R03 within AI-001 — DuckDesign AI.","Outside AI-001 — DuckDesign AI, the control is not automatically applicable unless another AI entry adopts the same risk/control pattern; portfolio-wide controls remain applicable.","AI-001-R01; AI-001-R03","Implemented","None linked","Unsupported implementation assertion — evidence ID absent","No","No additional credit until evidence is retrieved and reviewed","Unsupported implementation assertion — evidence absent","Provide execution records, population/period, exceptions, outcome metrics and owner review.","Approved within bounded synthetic portfolio exercise","Reginald Duckman - Chief Risk & Compliance Officer","2026-09-09","2026-12-31","Material system, risk, control, evidence, supplier, legal, lifecycle or AIMS-scope change; failed validation; overdue review"
"APP-007","DD-02","Independent Safety Validation Gate","Preventive","Quentin Duckwell - Director Product Safety & Quality","Applicable","AI-001 — DuckDesign AI","Included because Independent Safety Validation Gate directly treats AI-001-R01 within AI-001 — DuckDesign AI.","Outside AI-001 — DuckDesign AI, the control is not automatically applicable unless another AI entry adopts the same risk/control pattern; portfolio-wide controls remain applicable.","AI-001-R01","Planned","None linked","Planned","No","No current risk-reduction credit","Design only or not implemented — evidence absent","Implement the control, assign stable evidence IDs, operate it over a defined period and test it.","Approved within bounded synthetic portfolio exercise","Reginald Duckman - Chief Risk & Compliance Officer","2026-09-09","2026-12-31","Material system, risk, control, evidence, supplier, legal, lifecycle or AIMS-scope change; failed validation; overdue review"
"APP-008","DD-03","Engineering Benchmark & Regression Suite","Detective","Dr. Ada Duckfield - Head of Data & AI","Applicable","AI-001 — DuckDesign AI","Included because Engineering Benchmark & Regression Suite directly treats AI-001-R01; AI-001-R03 within AI-001 — DuckDesign AI.","Outside AI-001 — DuckDesign AI, the control is not automatically applicable unless another AI entry adopts the same risk/control pattern; portfolio-wide controls remain applicable.","AI-001-R01; AI-001-R03","Planned","None linked","Planned","No","No current risk-reduction credit","Design only or not implemented — evidence absent","Implement the control, assign stable evidence IDs, operate it over a defined period and test it.","Approved within bounded synthetic portfolio exercise","Reginald Duckman - Chief Risk & Compliance Officer","2026-09-09","2026-12-31","Material system, risk, control, evidence, supplier, legal, lifecycle or AIMS-scope change; failed validation; overdue review"
"APP-009","DD-04","Engineering Data Boundary & DLP","Preventive","Cassandra Duckley - Chief Information Security Officer","Applicable","AI-001 — DuckDesign AI","Included because Engineering Data Boundary & DLP directly treats AI-001-R02 within AI-001 — DuckDesign AI.","Outside AI-001 — DuckDesign AI, the control is not automatically applicable unless another AI entry adopts the same risk/control pattern; portfolio-wide controls remain applicable.","AI-001-R02","Partially implemented","None linked","Design/status assertion — evidence ID absent","No","No additional credit","Design/status assertion — evidence absent","Provide implementation and operating evidence with a stable evidence ID.","Approved within bounded synthetic portfolio exercise","Reginald Duckman - Chief Risk & Compliance Officer","2026-09-09","2026-12-31","Material system, risk, control, evidence, supplier, legal, lifecycle or AIMS-scope change; failed validation; overdue review"
"APP-010","DD-05","Design/Model Version Traceability","Preventive","Dr. Ada Duckfield - Head of Data & AI","Applicable","AI-001 — DuckDesign AI","Included because Design/Model Version Traceability directly treats AI-001-R01; AI-001-R03 within AI-001 — DuckDesign AI.","Outside AI-001 — DuckDesign AI, the control is not automatically applicable unless another AI entry adopts the same risk/control pattern; portfolio-wide controls remain applicable.","AI-001-R01; AI-001-R03","Partially implemented","None linked","Design/status assertion — evidence ID absent","No","No additional credit","Design/status assertion — evidence absent","Provide implementation and operating evidence with a stable evidence ID.","Approved within bounded synthetic portfolio exercise","Reginald Duckman - Chief Risk & Compliance Officer","2026-09-09","2026-12-31","Material system, risk, control, evidence, supplier, legal, lifecycle or AIMS-scope change; failed validation; overdue review"
"APP-011","DT-01","Job-Relevance Criteria & Proxy Feature Governance","Preventive","Beatrice Van Duck - Chief People Officer","Applicable","AI-005 — DuckTalent AI","Included because Job-Relevance Criteria & Proxy Feature Governance directly treats AI-005-R01 within AI-005 — DuckTalent AI.","Outside AI-005 — DuckTalent AI, the control is not automatically applicable unless another AI entry adopts the same risk/control pattern; portfolio-wide controls remain applicable.","AI-005-R01","Not implemented","EV-AI005-001; EV-AI005-002; EV-AI005-009; EV-AI005-011; EV-AI005-012; EV-AI005-015; EV-AI005-016; EV-AI005-017; EV-AI005-018; EV-AI005-019; EV-AI005-021","A preventive change gate and cause-linked corrective action are demonstrated synthetically; full job-relevance governance and production operation remain unimplemented; applicability evidence reconciled in EV-AIMS-017 through EV-AIMS-020","No","No current risk-reduction credit","Bounded synthetic evidence linked; production effectiveness unverified","Approve job-relevance criteria and feature governance for the real system/version, then operate and independently test the control over a defined period.","Approved within bounded synthetic portfolio exercise","Reginald Duckman - Chief Risk & Compliance Officer","2026-09-09","2026-12-31","Material system, risk, control, evidence, supplier, legal, lifecycle or AIMS-scope change; failed validation; overdue review"
"APP-012","DT-02","Pre-Deployment Fairness & Adverse-Impact Testing","Detective","Beatrice Van Duck - Chief People Officer","Applicable","AI-005 — DuckTalent AI","Included because Pre-Deployment Fairness & Adverse-Impact Testing directly treats AI-005-R01 within AI-005 — DuckTalent AI.","Outside AI-005 — DuckTalent AI, the control is not automatically applicable unless another AI entry adopts the same risk/control pattern; portfolio-wide controls remain applicable.","AI-005-R01","Partially implemented","EV-AI005-001; EV-AI005-002; EV-AI005-003; EV-AI005-004; EV-AI005-005; EV-AI005-006; EV-AI005-009; EV-AI005-011; EV-AI005-012; EV-AI005-015; EV-AI005-016; EV-AI005-017; EV-AI005-018; EV-AI005-019; EV-AI005-021","Synthetic implementation, operation, recurrence-prevention test and bounded corrective-action effectiveness demonstrated; production effectiveness unverified; applicability evidence reconciled in EV-AIMS-017 through EV-AIMS-020","No","No production risk-reduction credit","Bounded synthetic evidence linked; production effectiveness unverified","Add version-bound production operating and outcome evidence, lawful evaluation data, defined period/population, exceptions, independent review and approval.","Approved within bounded synthetic portfolio exercise","Reginald Duckman - Chief Risk & Compliance Officer","2026-09-09","2026-12-31","Material system, risk, control, evidence, supplier, legal, lifecycle or AIMS-scope change; failed validation; overdue review"
"APP-013","DT-03","Meaningful Human Review & No Automated Rejection","Preventive","Beatrice Van Duck - Chief People Officer","Applicable","AI-005 — DuckTalent AI","Included because Meaningful Human Review & No Automated Rejection directly treats AI-005-R02 within AI-005 — DuckTalent AI.","Outside AI-005 — DuckTalent AI, the control is not automatically applicable unless another AI entry adopts the same risk/control pattern; portfolio-wide controls remain applicable.","AI-005-R02","Not implemented","None linked","Not implemented","No","No current risk-reduction credit","Design only or not implemented — evidence absent","Implement the control, assign stable evidence IDs, operate it over a defined period and test it.","Approved within bounded synthetic portfolio exercise","Reginald Duckman - Chief Risk & Compliance Officer","2026-09-09","2026-12-31","Material system, risk, control, evidence, supplier, legal, lifecycle or AIMS-scope change; failed validation; overdue review"
"APP-014","DT-04","Reviewer Rationale, Training & Override Monitoring","Preventive","Beatrice Van Duck - Chief People Officer","Applicable","AI-005 — DuckTalent AI","Included because Reviewer Rationale, Training & Override Monitoring directly treats AI-005-R02 within AI-005 — DuckTalent AI.","Outside AI-005 — DuckTalent AI, the control is not automatically applicable unless another AI entry adopts the same risk/control pattern; portfolio-wide controls remain applicable.","AI-005-R02","Not implemented","None linked","Not implemented","No","No current risk-reduction credit","Design only or not implemented — evidence absent","Implement the control, assign stable evidence IDs, operate it over a defined period and test it.","Approved within bounded synthetic portfolio exercise","Reginald Duckman - Chief Risk & Compliance Officer","2026-09-09","2026-12-31","Material system, risk, control, evidence, supplier, legal, lifecycle or AIMS-scope change; failed validation; overdue review"
"APP-015","DT-05","Applicant Data Minimization, Field Exclusion & Retention","Preventive","Beatrice Van Duck - Chief People Officer","Applicable","AI-005 — DuckTalent AI","Included because Applicant Data Minimization, Field Exclusion & Retention directly treats AI-005-R03 within AI-005 — DuckTalent AI.","Outside AI-005 — DuckTalent AI, the control is not automatically applicable unless another AI entry adopts the same risk/control pattern; portfolio-wide controls remain applicable.","AI-005-R03","Not implemented","None linked","Not implemented","No","No current risk-reduction credit","Design only or not implemented — evidence absent","Implement the control, assign stable evidence IDs, operate it over a defined period and test it.","Approved within bounded synthetic portfolio exercise","Reginald Duckman - Chief Risk & Compliance Officer","2026-09-09","2026-12-31","Material system, risk, control, evidence, supplier, legal, lifecycle or AIMS-scope change; failed validation; overdue review"
"APP-016","DT-06","Impact, Privacy & Legal Review Gate","Preventive","Eleanor Duckford - AI Governance Lead","Applicable","AI-005 — DuckTalent AI","Included because Impact, Privacy & Legal Review Gate directly treats AI-005-R03 within AI-005 — DuckTalent AI.","Outside AI-005 — DuckTalent AI, the control is not automatically applicable unless another AI entry adopts the same risk/control pattern; portfolio-wide controls remain applicable.","AI-005-R03","Not implemented","None linked","Not implemented","No","No current risk-reduction credit","Design only or not implemented — evidence absent","Implement the control, assign stable evidence IDs, operate it over a defined period and test it.","Approved within bounded synthetic portfolio exercise","Reginald Duckman - Chief Risk & Compliance Officer","2026-09-09","2026-12-31","Material system, risk, control, evidence, supplier, legal, lifecycle or AIMS-scope change; failed validation; overdue review"
"APP-017","DT-07","Candidate Notice, Challenge & Human Remedy","Corrective","Beatrice Van Duck - Chief People Officer","Applicable","AI-005 — DuckTalent AI","Included because Candidate Notice, Challenge & Human Remedy directly treats AI-005-R01; AI-005-R02 within AI-005 — DuckTalent AI.","Outside AI-005 — DuckTalent AI, the control is not automatically applicable unless another AI entry adopts the same risk/control pattern; portfolio-wide controls remain applicable.","AI-005-R01; AI-005-R02","Not implemented","None linked","Not implemented","No","No current risk-reduction credit","Design only or not implemented — evidence absent","Implement the control, assign stable evidence IDs, operate it over a defined period and test it.","Approved within bounded synthetic portfolio exercise","Reginald Duckman - Chief Risk & Compliance Officer","2026-09-09","2026-12-31","Material system, risk, control, evidence, supplier, legal, lifecycle or AIMS-scope change; failed validation; overdue review"
"APP-018","FF-01","Human Planning Approval & Override","Preventive","Tobias Duckman - Director Supply Chain","Applicable","AI-003 — FeatherForecast","Included because Human Planning Approval & Override directly treats AI-003-R01 within AI-003 — FeatherForecast.","Outside AI-003 — FeatherForecast, the control is not automatically applicable unless another AI entry adopts the same risk/control pattern; portfolio-wide controls remain applicable.","AI-003-R01","Implemented","None linked","Unsupported implementation assertion — evidence ID absent","No","No additional credit until evidence is retrieved and reviewed","Unsupported implementation assertion — evidence absent","Provide execution records, population/period, exceptions, outcome metrics and owner review.","Approved within bounded synthetic portfolio exercise","Reginald Duckman - Chief Risk & Compliance Officer","2026-09-09","2026-12-31","Material system, risk, control, evidence, supplier, legal, lifecycle or AIMS-scope change; failed validation; overdue review"
"APP-019","FF-02","Back-Testing, Stress Testing & Challenger Review","Detective","Dr. Ada Duckfield - Head of Data & AI","Applicable","AI-003 — FeatherForecast","Included because Back-Testing, Stress Testing & Challenger Review directly treats AI-003-R01; AI-003-R02 within AI-003 — FeatherForecast.","Outside AI-003 — FeatherForecast, the control is not automatically applicable unless another AI entry adopts the same risk/control pattern; portfolio-wide controls remain applicable.","AI-003-R01; AI-003-R02","Partially implemented","None linked","Design/status assertion — evidence ID absent","No","No additional credit","Design/status assertion — evidence absent","Provide implementation and operating evidence with a stable evidence ID.","Approved within bounded synthetic portfolio exercise","Reginald Duckman - Chief Risk & Compliance Officer","2026-09-09","2026-12-31","Material system, risk, control, evidence, supplier, legal, lifecycle or AIMS-scope change; failed validation; overdue review"
"APP-020","FF-03","Automated Drift Alerts & Retraining Trigger","Detective","Dr. Ada Duckfield - Head of Data & AI","Applicable","AI-003 — FeatherForecast","Included because Automated Drift Alerts & Retraining Trigger directly treats AI-003-R02 within AI-003 — FeatherForecast.","Outside AI-003 — FeatherForecast, the control is not automatically applicable unless another AI entry adopts the same risk/control pattern; portfolio-wide controls remain applicable.","AI-003-R02","Planned","None linked","Planned","No","No current risk-reduction credit","Design only or not implemented — evidence absent","Implement the control, assign stable evidence IDs, operate it over a defined period and test it.","Approved within bounded synthetic portfolio exercise","Reginald Duckman - Chief Risk & Compliance Officer","2026-09-09","2026-12-31","Material system, risk, control, evidence, supplier, legal, lifecycle or AIMS-scope change; failed validation; overdue review"
"APP-021","FF-04","Supplier/Planning Data Access & Logging","Preventive","Tobias Duckman - Director Supply Chain","Applicable","AI-003 — FeatherForecast","Included because Supplier/Planning Data Access & Logging directly treats AI-003-R03 within AI-003 — FeatherForecast.","Outside AI-003 — FeatherForecast, the control is not automatically applicable unless another AI entry adopts the same risk/control pattern; portfolio-wide controls remain applicable.","AI-003-R03","Partially implemented","None linked","Design/status assertion — evidence ID absent","No","No additional credit","Design/status assertion — evidence absent","Provide implementation and operating evidence with a stable evidence ID.","Approved within bounded synthetic portfolio exercise","Reginald Duckman - Chief Risk & Compliance Officer","2026-09-09","2026-12-31","Material system, risk, control, evidence, supplier, legal, lifecycle or AIMS-scope change; failed validation; overdue review"
"APP-022","PG-01","Permission-Aware Retrieval","Preventive","Oliver Duckett - Head of IT & Cloud","Applicable","AI-006 — PondGPT","Included because Permission-Aware Retrieval directly treats AI-006-R01 within AI-006 — PondGPT.","Outside AI-006 — PondGPT, the control is not automatically applicable unless another AI entry adopts the same risk/control pattern; portfolio-wide controls remain applicable.","AI-006-R01","Partially implemented","EV-AI006-001; EV-AI006-002","Synthetic implementation/operation demonstrated; production effectiveness unverified; applicability evidence reconciled in EV-AIMS-017 through EV-AIMS-020","No","No production risk-reduction credit","Bounded synthetic evidence linked; production effectiveness unverified","Add version-bound production operating and outcome evidence, including population, period, exceptions, review and approval.","Approved within bounded synthetic portfolio exercise","Reginald Duckman - Chief Risk & Compliance Officer","2026-09-09","2026-12-31","Material system, risk, control, evidence, supplier, legal, lifecycle or AIMS-scope change; failed validation; overdue review"
"APP-023","PG-02","Automated Permission Regression & DLP Tests","Detective","Oliver Duckett - Head of IT & Cloud","Applicable","AI-006 — PondGPT","Included because Automated Permission Regression & DLP Tests directly treats AI-006-R01 within AI-006 — PondGPT.","Outside AI-006 — PondGPT, the control is not automatically applicable unless another AI entry adopts the same risk/control pattern; portfolio-wide controls remain applicable.","AI-006-R01","Partially implemented","EV-AI006-001; EV-AI006-002; EV-AI006-003; EV-AI006-004; EV-AI006-005; EV-AI006-006","Synthetic implementation/operation demonstrated; production effectiveness unverified; applicability evidence reconciled in EV-AIMS-017 through EV-AIMS-020","No","No production risk-reduction credit","Bounded synthetic evidence linked; production effectiveness unverified","Add version-bound production operating and outcome evidence, including population, period, exceptions, review and approval.","Approved within bounded synthetic portfolio exercise","Reginald Duckman - Chief Risk & Compliance Officer","2026-09-09","2026-12-31","Material system, risk, control, evidence, supplier, legal, lifecycle or AIMS-scope change; failed validation; overdue review"
"APP-024","PG-03","Prompt Injection & RAG Poisoning Test Suite","Detective","Cassandra Duckley - Chief Information Security Officer","Applicable","AI-006 — PondGPT","Included because Prompt Injection & RAG Poisoning Test Suite directly treats AI-006-R02 within AI-006 — PondGPT.","Outside AI-006 — PondGPT, the control is not automatically applicable unless another AI entry adopts the same risk/control pattern; portfolio-wide controls remain applicable.","AI-006-R02","Planned","None linked","Planned","No","No current risk-reduction credit","Design only or not implemented — evidence absent","Implement the control, assign stable evidence IDs, operate it over a defined period and test it.","Approved within bounded synthetic portfolio exercise","Reginald Duckman - Chief Risk & Compliance Officer","2026-09-09","2026-12-31","Material system, risk, control, evidence, supplier, legal, lifecycle or AIMS-scope change; failed validation; overdue review"
"APP-025","PG-04","Tool Sandboxing & Allowlisted Actions","Preventive","Oliver Duckett - Head of IT & Cloud","Applicable","AI-006 — PondGPT","Included because Tool Sandboxing & Allowlisted Actions directly treats AI-006-R02 within AI-006 — PondGPT.","Outside AI-006 — PondGPT, the control is not automatically applicable unless another AI entry adopts the same risk/control pattern; portfolio-wide controls remain applicable.","AI-006-R02","Partially implemented","None linked","Design/status assertion — evidence ID absent","No","No additional credit","Design/status assertion — evidence absent","Provide implementation and operating evidence with a stable evidence ID.","Approved within bounded synthetic portfolio exercise","Reginald Duckman - Chief Risk & Compliance Officer","2026-09-09","2026-12-31","Material system, risk, control, evidence, supplier, legal, lifecycle or AIMS-scope change; failed validation; overdue review"
"APP-026","PG-05","GenAI Security Logging & Alerting","Detective","Cassandra Duckley - Chief Information Security Officer","Applicable","AI-006 — PondGPT","Included because GenAI Security Logging & Alerting directly treats AI-006-R01; AI-006-R02; AI-006-R03 within AI-006 — PondGPT.","Outside AI-006 — PondGPT, the control is not automatically applicable unless another AI entry adopts the same risk/control pattern; portfolio-wide controls remain applicable.","AI-006-R01; AI-006-R02; AI-006-R03","Partially implemented","None linked","Design/status assertion — evidence ID absent","No","No additional credit","Design/status assertion — evidence absent","Provide implementation and operating evidence with a stable evidence ID.","Approved within bounded synthetic portfolio exercise","Reginald Duckman - Chief Risk & Compliance Officer","2026-09-09","2026-12-31","Material system, risk, control, evidence, supplier, legal, lifecycle or AIMS-scope change; failed validation; overdue review"
"APP-027","PG-06","Secure Output Verification & Code Scanning","Preventive","Dr. Ada Duckfield - Head of Data & AI","Applicable","AI-006 — PondGPT","Included because Secure Output Verification & Code Scanning directly treats AI-006-R03 within AI-006 — PondGPT.","Outside AI-006 — PondGPT, the control is not automatically applicable unless another AI entry adopts the same risk/control pattern; portfolio-wide controls remain applicable.","AI-006-R03","Partially implemented","None linked","Design/status assertion — evidence ID absent","No","No additional credit","Design/status assertion — evidence absent","Provide implementation and operating evidence with a stable evidence ID.","Approved within bounded synthetic portfolio exercise","Reginald Duckman - Chief Risk & Compliance Officer","2026-09-09","2026-12-31","Material system, risk, control, evidence, supplier, legal, lifecycle or AIMS-scope change; failed validation; overdue review"
"APP-028","QB-01","Curated RAG Source Allowlist","Preventive","Clara Duckley - Director Customer Operations","Applicable","AI-002 — QuackBot","Included because Curated RAG Source Allowlist directly treats AI-002-R01; AI-002-R03 within AI-002 — QuackBot.","Outside AI-002 — QuackBot, the control is not automatically applicable unless another AI entry adopts the same risk/control pattern; portfolio-wide controls remain applicable.","AI-002-R01; AI-002-R03","Partially implemented","None linked","Design/status assertion — evidence ID absent","No","No additional credit","Design/status assertion — evidence absent","Provide implementation and operating evidence with a stable evidence ID.","Approved within bounded synthetic portfolio exercise","Reginald Duckman - Chief Risk & Compliance Officer","2026-09-09","2026-12-31","Material system, risk, control, evidence, supplier, legal, lifecycle or AIMS-scope change; failed validation; overdue review"
"APP-029","QB-02","Grounding, Citation & Abstention Rules","Preventive","Dr. Ada Duckfield - Head of Data & AI","Applicable","AI-002 — QuackBot","Included because Grounding, Citation & Abstention Rules directly treats AI-002-R01; AI-002-R03 within AI-002 — QuackBot.","Outside AI-002 — QuackBot, the control is not automatically applicable unless another AI entry adopts the same risk/control pattern; portfolio-wide controls remain applicable.","AI-002-R01; AI-002-R03","Planned","None linked","Planned","No","No current risk-reduction credit","Design only or not implemented — evidence absent","Implement the control, assign stable evidence IDs, operate it over a defined period and test it.","Approved within bounded synthetic portfolio exercise","Reginald Duckman - Chief Risk & Compliance Officer","2026-09-09","2026-12-31","Material system, risk, control, evidence, supplier, legal, lifecycle or AIMS-scope change; failed validation; overdue review"
"APP-030","QB-03","Human Escalation SLA","Corrective","Clara Duckley - Director Customer Operations","Applicable","AI-002 — QuackBot","Included because Human Escalation SLA directly treats AI-002-R01; AI-002-R03 within AI-002 — QuackBot.","Outside AI-002 — QuackBot, the control is not automatically applicable unless another AI entry adopts the same risk/control pattern; portfolio-wide controls remain applicable.","AI-002-R01; AI-002-R03","Partially implemented","None linked","Design/status assertion — evidence ID absent","No","No additional credit","Design/status assertion — evidence absent","Provide implementation and operating evidence with a stable evidence ID.","Approved within bounded synthetic portfolio exercise","Reginald Duckman - Chief Risk & Compliance Officer","2026-09-09","2026-12-31","Material system, risk, control, evidence, supplier, legal, lifecycle or AIMS-scope change; failed validation; overdue review"
"APP-031","QB-04","Prompt Injection & RAG Adversarial Testing","Detective","Cassandra Duckley - Chief Information Security Officer","Applicable","AI-002 — QuackBot","Included because Prompt Injection & RAG Adversarial Testing directly treats AI-002-R02 within AI-002 — QuackBot.","Outside AI-002 — QuackBot, the control is not automatically applicable unless another AI entry adopts the same risk/control pattern; portfolio-wide controls remain applicable.","AI-002-R02","Planned","None linked","Planned","No","No current risk-reduction credit","Design only or not implemented — evidence absent","Implement the control, assign stable evidence IDs, operate it over a defined period and test it.","Approved within bounded synthetic portfolio exercise","Reginald Duckman - Chief Risk & Compliance Officer","2026-09-09","2026-12-31","Material system, risk, control, evidence, supplier, legal, lifecycle or AIMS-scope change; failed validation; overdue review"
"APP-032","QB-05","Least-Privilege Retrieval & Tool Boundaries","Preventive","Cassandra Duckley - Chief Information Security Officer","Applicable","AI-002 — QuackBot","Included because Least-Privilege Retrieval & Tool Boundaries directly treats AI-002-R02 within AI-002 — QuackBot.","Outside AI-002 — QuackBot, the control is not automatically applicable unless another AI entry adopts the same risk/control pattern; portfolio-wide controls remain applicable.","AI-002-R02","Partially implemented","None linked","Design/status assertion — evidence ID absent","No","No additional credit","Design/status assertion — evidence absent","Provide implementation and operating evidence with a stable evidence ID.","Approved within bounded synthetic portfolio exercise","Reginald Duckman - Chief Risk & Compliance Officer","2026-09-09","2026-12-31","Material system, risk, control, evidence, supplier, legal, lifecycle or AIMS-scope change; failed validation; overdue review"
"APP-033","QB-06","GenAI Security & Harm Monitoring","Detective","Cassandra Duckley - Chief Information Security Officer","Applicable","AI-002 — QuackBot","Included because GenAI Security & Harm Monitoring directly treats AI-002-R01; AI-002-R02 within AI-002 — QuackBot.","Outside AI-002 — QuackBot, the control is not automatically applicable unless another AI entry adopts the same risk/control pattern; portfolio-wide controls remain applicable.","AI-002-R01; AI-002-R02","Planned","None linked","Planned","No","No current risk-reduction credit","Design only or not implemented — evidence absent","Implement the control, assign stable evidence IDs, operate it over a defined period and test it.","Approved within bounded synthetic portfolio exercise","Reginald Duckman - Chief Risk & Compliance Officer","2026-09-09","2026-12-31","Material system, risk, control, evidence, supplier, legal, lifecycle or AIMS-scope change; failed validation; overdue review"
"APP-034","SH-01","AI Acceptable Use Standard","Preventive","Cassandra Duckley - Chief Information Security Officer","Applicable","AI-007 — Unregistered GenAI Usage","Included because AI Acceptable Use Standard directly treats AI-007-R01; AI-007-R02 within AI-007 — Unregistered GenAI Usage.","Outside AI-007 — Unregistered GenAI Usage, the control is not automatically applicable unless another AI entry adopts the same risk/control pattern; portfolio-wide controls remain applicable.","AI-007-R01; AI-007-R02","Planned","None linked","Planned","No","No current risk-reduction credit","Design only or not implemented — evidence absent","Implement the control, assign stable evidence IDs, operate it over a defined period and test it.","Approved within bounded synthetic portfolio exercise","Reginald Duckman - Chief Risk & Compliance Officer","2026-09-09","2026-12-31","Material system, risk, control, evidence, supplier, legal, lifecycle or AIMS-scope change; failed validation; overdue review"
"APP-035","SH-02","Approved AI Tool Catalogue & Vendor Allowlist","Preventive","Percival Duckworth - Director Procurement & Vendor Assurance","Applicable","AI-007 — Unregistered GenAI Usage","Included because Approved AI Tool Catalogue & Vendor Allowlist directly treats AI-007-R01; AI-007-R03 within AI-007 — Unregistered GenAI Usage.","Outside AI-007 — Unregistered GenAI Usage, the control is not automatically applicable unless another AI entry adopts the same risk/control pattern; portfolio-wide controls remain applicable.","AI-007-R01; AI-007-R03","Planned","None linked","Planned","No","No current risk-reduction credit","Design only or not implemented — evidence absent","Implement the control, assign stable evidence IDs, operate it over a defined period and test it.","Approved within bounded synthetic portfolio exercise","Reginald Duckman - Chief Risk & Compliance Officer","2026-09-09","2026-12-31","Material system, risk, control, evidence, supplier, legal, lifecycle or AIMS-scope change; failed validation; overdue review"
"APP-036","SH-03","Shadow AI Discovery, DLP & Blocking","Detective","Cassandra Duckley - Chief Information Security Officer","Applicable","AI-007 — Unregistered GenAI Usage","Included because Shadow AI Discovery, DLP & Blocking directly treats AI-007-R01 within AI-007 — Unregistered GenAI Usage.","Outside AI-007 — Unregistered GenAI Usage, the control is not automatically applicable unless another AI entry adopts the same risk/control pattern; portfolio-wide controls remain applicable.","AI-007-R01","Planned","None linked","Planned","No","No current risk-reduction credit","Design only or not implemented — evidence absent","Implement the control, assign stable evidence IDs, operate it over a defined period and test it.","Approved within bounded synthetic portfolio exercise","Reginald Duckman - Chief Risk & Compliance Officer","2026-09-09","2026-12-31","Material system, risk, control, evidence, supplier, legal, lifecycle or AIMS-scope change; failed validation; overdue review"
"APP-037","SH-04","AI Browser Extension & Embedded-App Control","Preventive","Oliver Duckett - Head of IT & Cloud","Applicable","AI-007 — Unregistered GenAI Usage","Included because AI Browser Extension & Embedded-App Control directly treats AI-007-R01; AI-007-R03 within AI-007 — Unregistered GenAI Usage.","Outside AI-007 — Unregistered GenAI Usage, the control is not automatically applicable unless another AI entry adopts the same risk/control pattern; portfolio-wide controls remain applicable.","AI-007-R01; AI-007-R03","Weak / ad hoc","None linked","Design/status assertion — evidence ID absent","No","No additional credit","Design/status assertion — evidence absent","Provide implementation and operating evidence with a stable evidence ID.","Approved within bounded synthetic portfolio exercise","Reginald Duckman - Chief Risk & Compliance Officer","2026-09-09","2026-12-31","Material system, risk, control, evidence, supplier, legal, lifecycle or AIMS-scope change; failed validation; overdue review"
"APP-038","SH-05","Employee Attestation, Manager Accountability & Mandatory Registration","Detective","Eleanor Duckford - AI Governance Lead","Applicable","AI-007 — Unregistered GenAI Usage","Included because Employee Attestation, Manager Accountability & Mandatory Registration directly treats AI-007-R02 within AI-007 — Unregistered GenAI Usage.","Outside AI-007 — Unregistered GenAI Usage, the control is not automatically applicable unless another AI entry adopts the same risk/control pattern; portfolio-wide controls remain applicable.","AI-007-R02","Planned","None linked","Planned","No","No current risk-reduction credit","Design only or not implemented — evidence absent","Implement the control, assign stable evidence IDs, operate it over a defined period and test it.","Approved within bounded synthetic portfolio exercise","Reginald Duckman - Chief Risk & Compliance Officer","2026-09-09","2026-12-31","Material system, risk, control, evidence, supplier, legal, lifecycle or AIMS-scope change; failed validation; overdue review"
"APP-039","SH-06","Exposure Investigation, Decomposition & Remediation","Corrective","Eleanor Duckford - AI Governance Lead","Applicable","AI-007 — Unregistered GenAI Usage","Included because Exposure Investigation, Decomposition & Remediation directly treats AI-007-R01; AI-007-R02; AI-007-R03 within AI-007 — Unregistered GenAI Usage.","Outside AI-007 — Unregistered GenAI Usage, the control is not automatically applicable unless another AI entry adopts the same risk/control pattern; portfolio-wide controls remain applicable.","AI-007-R01; AI-007-R02; AI-007-R03","Planned","None linked","Planned","No","No current risk-reduction credit","Design only or not implemented — evidence absent","Implement the control, assign stable evidence IDs, operate it over a defined period and test it.","Approved within bounded synthetic portfolio exercise","Reginald Duckman - Chief Risk & Compliance Officer","2026-09-09","2026-12-31","Material system, risk, control, evidence, supplier, legal, lifecycle or AIMS-scope change; failed validation; overdue review"
"APP-040","WI-01","Qualified Human Final Inspection","Preventive","Henrietta Duckwell - Director Manufacturing","Applicable","AI-004 — WingInspect Vision","Included because Qualified Human Final Inspection directly treats AI-004-R01; AI-004-R02 within AI-004 — WingInspect Vision.","Outside AI-004 — WingInspect Vision, the control is not automatically applicable unless another AI entry adopts the same risk/control pattern; portfolio-wide controls remain applicable.","AI-004-R01; AI-004-R02","Partially implemented","EV-AI004-001; EV-AI004-002; EV-AI004-003","Synthetic implementation/operation demonstrated; production effectiveness unverified; applicability evidence reconciled in EV-AIMS-017 through EV-AIMS-020","No","No production risk-reduction credit","Bounded synthetic evidence linked; production effectiveness unverified","Add version-bound production operating and outcome evidence, including population, period, exceptions, review and approval.","Approved within bounded synthetic portfolio exercise","Reginald Duckman - Chief Risk & Compliance Officer","2026-09-09","2026-12-31","Material system, risk, control, evidence, supplier, legal, lifecycle or AIMS-scope change; failed validation; overdue review"
"APP-041","WI-02","Minimum Sensitivity & Safety Validation","Preventive","Quentin Duckwell - Director Product Safety & Quality","Applicable","AI-004 — WingInspect Vision","Included because Minimum Sensitivity & Safety Validation directly treats AI-004-R01 within AI-004 — WingInspect Vision.","Outside AI-004 — WingInspect Vision, the control is not automatically applicable unless another AI entry adopts the same risk/control pattern; portfolio-wide controls remain applicable.","AI-004-R01","Partially implemented","None linked","Design/status assertion — evidence ID absent","No","No additional credit","Design/status assertion — evidence absent","Provide implementation and operating evidence with a stable evidence ID.","Approved within bounded synthetic portfolio exercise","Reginald Duckman - Chief Risk & Compliance Officer","2026-09-09","2026-12-31","Material system, risk, control, evidence, supplier, legal, lifecycle or AIMS-scope change; failed validation; overdue review"
"APP-042","WI-03","Independent QA Sampling & Defect-Escape Monitoring","Detective","Quentin Duckwell - Director Product Safety & Quality","Applicable","AI-004 — WingInspect Vision","Included because Independent QA Sampling & Defect-Escape Monitoring directly treats AI-004-R01; AI-004-R03 within AI-004 — WingInspect Vision.","Outside AI-004 — WingInspect Vision, the control is not automatically applicable unless another AI entry adopts the same risk/control pattern; portfolio-wide controls remain applicable.","AI-004-R01; AI-004-R03","Planned","None linked","Planned","No","No current risk-reduction credit","Design only or not implemented — evidence absent","Implement the control, assign stable evidence IDs, operate it over a defined period and test it.","Approved within bounded synthetic portfolio exercise","Reginald Duckman - Chief Risk & Compliance Officer","2026-09-09","2026-12-31","Material system, risk, control, evidence, supplier, legal, lifecycle or AIMS-scope change; failed validation; overdue review"
"APP-043","WI-04","Fail-Safe Manual Fallback & Stop Rule","Corrective","Henrietta Duckwell - Director Manufacturing","Applicable","AI-004 — WingInspect Vision","Included because Fail-Safe Manual Fallback & Stop Rule directly treats AI-004-R01 within AI-004 — WingInspect Vision.","Outside AI-004 — WingInspect Vision, the control is not automatically applicable unless another AI entry adopts the same risk/control pattern; portfolio-wide controls remain applicable.","AI-004-R01","Planned","None linked","Planned","No","No current risk-reduction credit","Design only or not implemented — evidence absent","Implement the control, assign stable evidence IDs, operate it over a defined period and test it.","Approved within bounded synthetic portfolio exercise","Reginald Duckman - Chief Risk & Compliance Officer","2026-09-09","2026-12-31","Material system, risk, control, evidence, supplier, legal, lifecycle or AIMS-scope change; failed validation; overdue review"
"APP-044","WI-05","False-Positive Tuning & QA Feedback Loop","Corrective","Dr. Ada Duckfield - Head of Data & AI","Applicable","AI-004 — WingInspect Vision","Included because False-Positive Tuning & QA Feedback Loop directly treats AI-004-R02 within AI-004 — WingInspect Vision.","Outside AI-004 — WingInspect Vision, the control is not automatically applicable unless another AI entry adopts the same risk/control pattern; portfolio-wide controls remain applicable.","AI-004-R02","Planned","None linked","Planned","No","No current risk-reduction credit","Design only or not implemented — evidence absent","Implement the control, assign stable evidence IDs, operate it over a defined period and test it.","Approved within bounded synthetic portfolio exercise","Reginald Duckman - Chief Risk & Compliance Officer","2026-09-09","2026-12-31","Material system, risk, control, evidence, supplier, legal, lifecycle or AIMS-scope change; failed validation; overdue review"
"APP-045","WI-06","Change-Triggered Revalidation & Locked Baseline","Preventive","Dr. Ada Duckfield - Head of Data & AI","Applicable","AI-004 — WingInspect Vision","Included because Change-Triggered Revalidation & Locked Baseline directly treats AI-004-R03 within AI-004 — WingInspect Vision.","Outside AI-004 — WingInspect Vision, the control is not automatically applicable unless another AI entry adopts the same risk/control pattern; portfolio-wide controls remain applicable.","AI-004-R03","Partially implemented","None linked","Design/status assertion — evidence ID absent","No","No additional credit","Design/status assertion — evidence absent","Provide implementation and operating evidence with a stable evidence ID.","Approved within bounded synthetic portfolio exercise","Reginald Duckman - Chief Risk & Compliance Officer","2026-09-09","2026-12-31","Material system, risk, control, evidence, supplier, legal, lifecycle or AIMS-scope change; failed validation; overdue review"

